Location,advertisingBan_2007,advertisingBan_2008,advertisingBan_2010,advertisingBan_2012,advertisingBan_2014,advertisingBan_2016,advertisingBan_2018,advertisingBan_2020,advertisingBan_2022,affordability_2012,affordability_2014,affordability_2016,affordability_2018,affordability_2020,affordability_2022,gdp2000Cigs_2012,gdp2000Cigs_2014,gdp2000Cigs_2016,gdp2000Cigs_2018,gdp2000Cigs_2020,gdp2000Cigs_2022,healthWarningPhoto_2007,healthWarningPhoto_2008,healthWarningPhoto_2010,healthWarningPhoto_2012,healthWarningPhoto_2014,healthWarningPhoto_2016,healthWarningPhoto_2018,healthWarningPhoto_2020,healthWarningPhoto_2022,requiredHealthWarnings_2007,requiredHealthWarnings_2008,requiredHealthWarnings_2010,requiredHealthWarnings_2012,requiredHealthWarnings_2014,requiredHealthWarnings_2016,requiredHealthWarnings_2018,requiredHealthWarnings_2020,requiredHealthWarnings_2022,Cluster
Afghanistan,No,No,No,No,No,Yes,Yes,Yes,Yes,3.75,4.67,7.16,7.14,6.39,6.469908508691674,3.75,4.67,7.16,7.14,6.39,6.469908508691674,Not applicable,Not applicable,Not applicable,Not applicable,Not applicable,Yes,No,No,No,No,No,No,No,No,Yes,Yes,Yes,Yes,4
Albania,Yes,Yes,Yes,Yes,Yes,Yes,Yes,Yes,Yes,3.7,4.14,4.49,4.23,4.38,3.76,3.7,4.14,4.49,4.23,4.38,3.76,No,No,No,No,No,No,No,Yes,Yes,Yes,Yes,Yes,Yes,Yes,Yes,Yes,Yes,Yes,1
Algeria,No,No,No,No,No,No,Yes,Yes,Yes,1.97,3.41,4.9,6.25,7.16,5.8,1.97,3.41,4.9,6.25,7.16,5.8,No,No,No,No,No,No,No,No,No,Yes,Yes,Yes,Yes,Yes,Yes,Yes,Yes,Yes,0
Andorra,No,No,No,No,No,No,No,No,No,0.87,1.0,0.98,1.01,1.12,0.95,0.87,1.0,0.98,1.01,1.12,0.95,Not applicable,Not applicable,Not applicable,Not applicable,Not applicable,Not applicable,Not applicable,Not applicable,Not applicable,No,No,No,No,No,No,No,No,No,4
Angola,No,No,No,No,No,No,No,No,No,3.0,3.62,6.469908508691674,5.14,8.31,5.88,3.0,3.62,6.469908508691674,5.14,8.31,5.88,Not applicable,Not applicable,Not applicable,Not applicable,Not applicable,Not applicable,Not applicable,Not applicable,Not applicable,No,No,No,No,No,No,No,No,No,4
Antigua and Barbuda,No,No,No,No,No,No,Yes,Yes,Yes,1.74,2.12,1.9,1.75,3.73,2.3,1.74,2.12,1.9,1.75,3.73,2.3,Not applicable,Not applicable,Not applicable,Not applicable,Not applicable,Not applicable,No,No,No,No,No,No,No,No,No,Yes,Yes,Yes,4
Argentina,No,No,No,Yes,Yes,Yes,Yes,Yes,Yes,1.27,1.35,2.12,1.81,2.33,1.7,1.27,1.35,2.12,1.81,2.33,1.7,No,No,No,Yes,Yes,Yes,Yes,Yes,Yes,Yes,Yes,Yes,Yes,Yes,Yes,Yes,Yes,Yes,1
Armenia,Yes,Yes,Yes,Yes,Yes,Yes,Yes,Yes,Yes,4.18,3.71,3.54,3.36,3.35,2.95,4.18,3.71,3.54,3.36,3.35,2.95,No,No,No,No,No,Yes,Yes,Yes,Yes,Yes,Yes,Yes,Yes,Yes,Yes,Yes,Yes,Yes,1
Australia,No,No,No,Yes,Yes,Yes,Yes,Yes,Yes,2.06,2.5,3.01,2.76,3.82,3.54,2.06,2.5,3.01,2.76,3.82,3.54,Yes,Yes,Yes,Yes,Yes,Yes,Yes,Yes,Yes,Yes,Yes,Yes,Yes,Yes,Yes,Yes,Yes,Yes,1
Austria,Yes,Yes,Yes,Yes,Yes,Yes,Yes,Yes,Yes,1.19,1.26,1.22,1.27,1.34,1.22,1.19,1.26,1.22,1.27,1.34,1.22,No,No,No,No,No,Yes,Yes,Yes,Yes,Yes,Yes,Yes,Yes,Yes,Yes,Yes,Yes,Yes,1
Azerbaijan,Yes,Yes,Yes,Yes,Yes,Yes,Yes,Yes,Yes,1.86,2.25,4.5,1.48,2.5,1.89,1.86,2.25,4.5,1.48,2.5,1.89,No,No,No,No,No,No,No,No,No,Yes,Yes,Yes,Yes,Yes,Yes,Yes,Yes,Yes,1
Bahamas,No,No,No,No,No,No,No,No,No,1.64,2.26,2.79,6.469908508691674,3.97,3.66,1.64,2.26,2.79,6.469908508691674,3.97,3.66,No,No,No,No,No,No,No,No,No,Yes,Yes,Yes,Yes,Yes,Yes,Yes,Yes,Yes,0
Bahrain,No,No,Yes,Yes,Yes,Yes,Yes,Yes,Yes,1.05,1.05,1.76,2.12,2.59,2.22,1.05,1.05,1.76,2.12,2.59,2.22,Not applicable,Not applicable,No,Yes,Yes,Yes,Yes,Yes,Yes,No,No,Yes,Yes,Yes,Yes,Yes,Yes,Yes,1
Bangladesh,No,No,No,No,Yes,Yes,Yes,Yes,Yes,3.34,2.88,3.81,4.89,4.93,4.24,3.34,2.88,3.81,4.89,4.93,4.24,No,No,No,No,No,Yes,Yes,Yes,Yes,Yes,Yes,Yes,Yes,Yes,Yes,Yes,Yes,Yes,1
Barbados,No,No,No,No,No,No,No,No,No,3.45,4.18,4.43,4.12,6.469908508691674,4.2,3.45,4.18,4.43,4.12,6.469908508691674,4.2,Not applicable,Not applicable,Not applicable,Not applicable,Not applicable,Not applicable,Yes,Yes,Yes,No,No,No,No,No,No,Yes,Yes,Yes,4
Belarus,Yes,Yes,Yes,Yes,Yes,Yes,Yes,Yes,Yes,0.53,0.83,0.96,0.85,0.8,0.79,0.53,0.83,0.96,0.85,0.8,0.79,No,No,No,No,No,Yes,Yes,Yes,Yes,Yes,Yes,Yes,Yes,Yes,Yes,Yes,Yes,Yes,1
Belgium,Yes,Yes,Yes,Yes,Yes,Yes,Yes,Yes,Yes,1.51,1.61,1.66,1.64,1.72,1.67,1.51,1.61,1.66,1.64,1.72,1.67,Yes,Yes,Yes,Yes,Yes,Yes,Yes,Yes,Yes,Yes,Yes,Yes,Yes,Yes,Yes,Yes,Yes,Yes,1
Belize,No,No,No,No,No,No,No,No,No,4.48,4.2,4.24,3.48,5.74,4.75,4.48,4.2,4.24,3.48,5.74,4.75,No,No,No,No,No,No,No,No,No,Yes,Yes,Yes,Yes,Yes,Yes,Yes,Yes,Yes,0
Benin,No,No,No,No,No,No,Yes,Yes,Yes,8.55,7.84,7.76,7.26,6.74,5.9,8.55,7.84,7.76,7.26,6.74,5.9,No,No,No,No,No,No,No,No,Yes,Yes,Yes,Yes,Yes,Yes,Yes,Yes,Yes,Yes,0
Bhutan,No,No,Yes,Yes,Yes,Yes,Yes,Yes,Yes,6.469908508691674,6.469908508691674,6.469908508691674,6.469908508691674,15.29,15.18,6.469908508691674,6.469908508691674,6.469908508691674,6.469908508691674,15.29,15.18,Not applicable,Not applicable,No,No,No,No,No,No,No,No,No,Yes,Yes,Yes,Yes,Yes,Yes,Yes,0
Bolivia (Plurinational State of),No,No,No,No,No,No,No,Yes,Yes,4.42,4.68,5.15,4.67,5.51,6.469908508691674,4.42,4.68,5.15,4.67,5.51,6.469908508691674,No,No,Yes,Yes,Yes,Yes,Yes,Yes,Yes,Yes,Yes,Yes,Yes,Yes,Yes,Yes,Yes,Yes,1
Bosnia and Herzegovina,No,No,No,No,No,No,No,No,No,3.85,4.78,5.28,5.75,6.11,4.76,3.85,4.78,5.28,5.75,6.11,4.76,Not applicable,Not applicable,Not applicable,Not applicable,Not applicable,Not applicable,Not applicable,Not applicable,Not applicable,No,No,No,No,No,No,No,No,No,4
Botswana,Yes,Yes,Yes,Yes,Yes,Yes,Yes,Yes,Yes,4.8,4.11,4.38,5.05,6.81,5.34,4.8,4.11,4.38,5.05,6.81,5.34,Not applicable,Not applicable,Not applicable,Not applicable,Not applicable,Not applicable,Not applicable,Not applicable,Not applicable,No,No,No,No,No,No,No,No,No,4
Brazil,Yes,Yes,Yes,Yes,Yes,Yes,Yes,Yes,Yes,1.75,2.01,2.04,1.49,1.49,1.22,1.75,2.01,2.04,1.49,1.49,1.22,Yes,Yes,Yes,Yes,Yes,Yes,Yes,Yes,Yes,Yes,Yes,Yes,Yes,Yes,Yes,Yes,Yes,Yes,1
Brunei Darussalam,No,No,No,No,No,No,No,No,No,1.24,6.469908508691674,6.469908508691674,6.469908508691674,6.469908508691674,6.469908508691674,1.24,6.469908508691674,6.469908508691674,6.469908508691674,6.469908508691674,6.469908508691674,Yes,Yes,Yes,Yes,Yes,Yes,Yes,Yes,Yes,Yes,Yes,Yes,Yes,Yes,Yes,Yes,Yes,Yes,0
Bulgaria,Yes,Yes,Yes,Yes,Yes,Yes,Yes,Yes,Yes,4.05,3.77,3.42,3.06,2.88,2.16,4.05,3.77,3.42,3.06,2.88,2.16,No,No,No,No,No,Yes,Yes,Yes,Yes,Yes,Yes,Yes,Yes,Yes,Yes,Yes,Yes,Yes,1
Burkina Faso,No,No,Yes,Yes,Yes,Yes,Yes,Yes,Yes,12.92,12.77,15.94,16.61,15.7,14.65,12.92,12.77,15.94,16.61,15.7,14.65,No,No,No,No,No,Yes,Yes,Yes,Yes,Yes,Yes,Yes,Yes,Yes,Yes,Yes,Yes,Yes,2
Burundi,No,No,No,No,No,No,Yes,Yes,Yes,22.17,37.87,34.4,33.08,40.18,33.59,22.17,37.87,34.4,33.08,40.18,33.59,Not applicable,Not applicable,Not applicable,Not applicable,Not applicable,Not applicable,No,No,No,No,No,No,No,No,No,Yes,Yes,Yes,2
Cabo Verde,Yes,Yes,Yes,Yes,Yes,Yes,Yes,Yes,Yes,6.15,6.14,5.86,4.86,7.7,8.0,6.15,6.14,5.86,4.86,7.7,8.0,No,No,No,No,No,No,No,No,No,Yes,Yes,Yes,Yes,Yes,Yes,Yes,Yes,Yes,0
Cambodia,No,No,No,Yes,Yes,Yes,Yes,Yes,Yes,4.37,3.97,3.74,3.11,3.18,2.82,4.37,3.97,3.74,3.11,3.18,2.82,Not applicable,Not applicable,No,No,No,Yes,Yes,Yes,Yes,No,No,Yes,Yes,Yes,Yes,Yes,Yes,Yes,1
Cameroon,No,No,No,No,No,No,No,No,No,6.98,6.31,5.97,6.81,7.91,7.13,6.98,6.31,5.97,6.81,7.91,7.13,No,No,No,No,No,No,Yes,Yes,Yes,Yes,Yes,Yes,Yes,Yes,Yes,Yes,Yes,Yes,0
Canada,No,No,Yes,Yes,Yes,Yes,Yes,Yes,Yes,1.61,1.64,1.83,1.95,2.21,2.03,1.61,1.64,1.83,1.95,2.21,2.03,Yes,Yes,Yes,Yes,Yes,Yes,Yes,Yes,Yes,Yes,Yes,Yes,Yes,Yes,Yes,Yes,Yes,Yes,1
Central African Republic,No,No,No,No,No,No,No,No,No,6.469908508691674,23.86,6.469908508691674,20.28,6.469908508691674,25.99,6.469908508691674,23.86,6.469908508691674,20.28,6.469908508691674,25.99,No,No,No,No,No,No,No,No,No,Yes,Yes,Yes,Yes,Yes,Yes,Yes,Yes,Yes,2
Chad,No,No,No,No,No,No,No,No,No,10.09,9.88,12.04,12.62,13.32,11.43,10.09,9.88,12.04,12.62,13.32,11.43,No,No,No,No,No,Yes,Yes,Yes,Yes,Yes,Yes,Yes,Yes,Yes,Yes,Yes,Yes,Yes,0
Chile,Yes,Yes,Yes,Yes,Yes,Yes,Yes,Yes,Yes,2.19,2.05,2.35,2.68,2.96,2.63,2.19,2.05,2.35,2.68,2.96,2.63,Yes,Yes,Yes,Yes,Yes,Yes,Yes,Yes,Yes,Yes,Yes,Yes,Yes,Yes,Yes,Yes,Yes,Yes,1
China,No,No,No,No,No,Yes,Yes,Yes,Yes,2.67,2.47,2.4,2.16,2.12,1.87,2.67,2.47,2.4,2.16,2.12,1.87,No,No,No,No,No,No,No,No,No,Yes,Yes,Yes,Yes,Yes,Yes,Yes,Yes,Yes,0
Colombia,No,No,Yes,Yes,Yes,Yes,Yes,Yes,Yes,1.53,1.49,1.48,1.94,2.81,2.68,1.53,1.49,1.48,1.94,2.81,2.68,No,No,Yes,Yes,Yes,Yes,Yes,Yes,Yes,Yes,Yes,Yes,Yes,Yes,Yes,Yes,Yes,Yes,1
Comoros,No,No,No,No,No,No,No,No,No,9.31,8.97,13.43,6.93,6.84,8.28,9.31,8.97,13.43,6.93,6.84,8.28,Not applicable,Not applicable,Not applicable,No,No,No,No,No,No,No,No,No,Yes,Yes,Yes,Yes,Yes,Yes,0
Congo,No,No,No,No,No,No,Yes,Yes,Yes,2.13,2.74,4.58,3.82,5.91,4.11,2.13,2.74,4.58,3.82,5.91,4.11,Not applicable,Not applicable,Not applicable,No,No,No,No,No,No,No,No,No,Yes,Yes,Yes,Yes,Yes,Yes,0
Cook Islands,Yes,Yes,Yes,Yes,Yes,Yes,Yes,Yes,Yes,6.469908508691674,6.469908508691674,6.469908508691674,6.469908508691674,6.469908508691674,6.469908508691674,6.469908508691674,6.469908508691674,6.469908508691674,6.469908508691674,6.469908508691674,6.469908508691674,No,No,No,No,No,No,No,No,No,Yes,Yes,Yes,Yes,Yes,Yes,Yes,Yes,Yes,0
Costa Rica,No,No,No,Yes,Yes,Yes,Yes,Yes,Yes,2.56,2.74,2.6,2.65,2.82,2.39,2.56,2.74,2.6,2.65,2.82,2.39,No,No,No,Yes,Yes,Yes,Yes,Yes,Yes,Yes,Yes,Yes,Yes,Yes,Yes,Yes,Yes,Yes,1
Cote d'Ivoire,No,No,No,No,No,No,No,Yes,Yes,8.13,6.7,5.99,5.56,5.34,5.33,8.13,6.7,5.99,5.56,5.34,5.33,No,No,No,No,No,No,No,No,No,Yes,Yes,Yes,Yes,Yes,Yes,Yes,Yes,Yes,0
Croatia,No,Yes,Yes,Yes,Yes,Yes,Yes,Yes,Yes,2.55,2.91,2.81,2.61,2.67,2.03,2.55,2.91,2.81,2.61,2.67,2.03,No,No,No,No,No,No,Yes,Yes,Yes,Yes,Yes,Yes,Yes,Yes,Yes,Yes,Yes,Yes,1
Cuba,No,No,No,No,No,No,No,No,No,10.82,9.83,8.69,14.15,6.469908508691674,2.06,10.82,9.83,8.69,14.15,6.469908508691674,2.06,No,No,No,No,No,No,No,No,No,Yes,Yes,Yes,Yes,Yes,Yes,Yes,Yes,Yes,0
Cyprus,No,Yes,Yes,Yes,Yes,Yes,Yes,Yes,Yes,1.66,1.97,1.88,1.8,1.85,1.61,1.66,1.97,1.88,1.8,1.85,1.61,No,No,No,No,No,No,Yes,Yes,Yes,Yes,Yes,Yes,Yes,Yes,Yes,Yes,Yes,Yes,1
Czechia,Yes,Yes,Yes,Yes,Yes,Yes,Yes,Yes,Yes,1.75,1.74,1.85,1.84,2.02,2.03,1.75,1.74,1.85,1.84,2.02,2.03,No,No,No,No,No,Yes,Yes,Yes,Yes,Yes,Yes,Yes,Yes,Yes,Yes,Yes,Yes,Yes,1
Democratic People's Republic of Korea,No,No,No,No,No,No,No,No,No,6.469908508691674,6.469908508691674,6.469908508691674,6.469908508691674,6.469908508691674,6.469908508691674,6.469908508691674,6.469908508691674,6.469908508691674,6.469908508691674,6.469908508691674,6.469908508691674,Not applicable,Not applicable,No,No,No,No,No,No,No,No,No,Yes,Yes,Yes,Yes,Yes,Yes,Yes,0
Democratic Republic of the Congo,No,No,No,No,No,No,Yes,Yes,Yes,19.56,16.9,22.55,13.91,10.07,7.48,19.56,16.9,22.55,13.91,10.07,7.48,No,No,No,No,No,No,No,No,No,Yes,Yes,Yes,Yes,Yes,Yes,Yes,Yes,Yes,2
Denmark,No,No,No,No,Yes,Yes,Yes,Yes,Yes,1.18,1.25,1.19,1.14,1.53,1.38,1.18,1.25,1.19,1.14,1.53,1.38,No,No,No,Yes,Yes,Yes,Yes,Yes,Yes,Yes,Yes,Yes,Yes,Yes,Yes,Yes,Yes,Yes,1
Djibouti,Yes,Yes,Yes,Yes,Yes,Yes,Yes,Yes,Yes,5.14,4.57,4.01,6.469908508691674,6.469908508691674,6.469908508691674,5.14,4.57,4.01,6.469908508691674,6.469908508691674,6.469908508691674,No,Yes,Yes,Yes,Yes,Yes,Yes,Yes,Yes,Yes,Yes,Yes,Yes,Yes,Yes,Yes,Yes,Yes,1
Dominica,No,No,No,No,No,No,No,No,No,2.25,2.13,1.97,2.13,2.69,3.32,2.25,2.13,1.97,2.13,2.69,3.32,Not applicable,Not applicable,Not applicable,Not applicable,Not applicable,Not applicable,Not applicable,Not applicable,Not applicable,No,No,No,No,No,No,No,No,No,4
Dominican Republic,No,No,No,No,No,No,No,No,No,5.27,5.07,4.33,4.85,7.03,5.51,5.27,5.07,4.33,4.85,7.03,5.51,No,No,No,No,No,No,No,No,No,Yes,Yes,Yes,Yes,Yes,Yes,Yes,Yes,Yes,0
Ecuador,No,No,No,Yes,Yes,Yes,Yes,Yes,Yes,4.59,4.88,8.6,8.55,10.05,9.36,4.59,4.88,8.6,8.55,10.05,9.36,No,No,No,Yes,Yes,Yes,Yes,Yes,Yes,Yes,Yes,Yes,Yes,Yes,Yes,Yes,Yes,Yes,1
Egypt,Yes,Yes,Yes,Yes,Yes,Yes,Yes,Yes,Yes,2.96,3.22,3.23,3.33,2.78,2.76,2.96,3.22,3.23,3.33,2.78,2.76,No,Yes,Yes,Yes,Yes,Yes,Yes,Yes,Yes,Yes,Yes,Yes,Yes,Yes,Yes,Yes,Yes,Yes,1
El Salvador,No,No,No,Yes,Yes,Yes,Yes,Yes,Yes,5.69,5.57,5.25,7.13,8.37,7.09,5.69,5.57,5.25,7.13,8.37,7.09,No,No,No,Yes,Yes,Yes,Yes,Yes,Yes,Yes,Yes,Yes,Yes,Yes,Yes,Yes,Yes,Yes,1
Equatorial Guinea,No,No,No,No,No,No,No,No,No,0.45,0.53,0.92,0.9,1.21,0.76,0.45,0.53,0.92,0.9,1.21,0.76,Not applicable,Not applicable,Not applicable,Not applicable,Not applicable,Not applicable,Not applicable,Not applicable,Not applicable,No,No,No,No,No,No,No,No,No,4
Eritrea,Yes,Yes,Yes,Yes,Yes,Yes,Yes,Yes,Yes,37.5,49.62,101.21,114.2,6.469908508691674,6.469908508691674,37.5,49.62,101.21,114.2,6.469908508691674,6.469908508691674,No,No,No,No,No,No,No,No,No,Yes,Yes,Yes,Yes,Yes,Yes,Yes,Yes,Yes,3
Estonia,No,Yes,Yes,Yes,Yes,Yes,Yes,Yes,Yes,2.29,2.3,2.3,1.78,1.94,1.58,2.29,2.3,2.3,1.78,1.94,1.58,No,No,No,No,No,Yes,Yes,Yes,Yes,Yes,Yes,Yes,Yes,Yes,Yes,Yes,Yes,Yes,1
Eswatini,No,No,No,No,Yes,Yes,Yes,Yes,Yes,6.469908508691674,7.81,6.96,6.86,7.39,7.35,6.469908508691674,7.81,6.96,6.86,7.39,7.35,Not applicable,Not applicable,Not applicable,Not applicable,No,No,No,No,No,No,No,No,No,Yes,Yes,Yes,Yes,Yes,0
Ethiopia,No,No,No,Yes,Yes,Yes,Yes,Yes,Yes,9.16,12.49,8.72,6.42,11.52,6.84,9.16,12.49,8.72,6.42,11.52,6.84,Not applicable,Not applicable,Not applicable,Not applicable,No,No,No,Yes,Yes,No,No,No,No,Yes,Yes,Yes,Yes,Yes,0
Fiji,No,No,No,No,No,No,No,No,No,8.02,7.37,10.19,10.85,16.12,15.61,8.02,7.37,10.19,10.85,16.12,15.61,No,No,No,No,Yes,Yes,Yes,Yes,Yes,Yes,Yes,Yes,Yes,Yes,Yes,Yes,Yes,Yes,0
Finland,Yes,Yes,Yes,Yes,Yes,Yes,Yes,Yes,Yes,1.32,1.45,1.54,1.61,1.86,1.91,1.32,1.45,1.54,1.61,1.86,1.91,No,No,No,No,No,Yes,Yes,Yes,Yes,Yes,Yes,Yes,Yes,Yes,Yes,Yes,Yes,Yes,1
France,Yes,Yes,Yes,Yes,Yes,Yes,Yes,Yes,Yes,1.88,2.08,2.02,2.2,2.83,2.62,1.88,2.08,2.02,2.2,2.83,2.62,No,No,Yes,Yes,Yes,Yes,Yes,Yes,Yes,Yes,Yes,Yes,Yes,Yes,Yes,Yes,Yes,Yes,1
Gabon,No,No,No,No,Yes,Yes,Yes,Yes,Yes,1.98,2.08,2.38,2.19,2.39,1.57,1.98,2.08,2.38,2.19,2.39,1.57,No,No,No,No,No,No,No,No,No,Yes,Yes,Yes,Yes,Yes,Yes,Yes,Yes,Yes,0
Gambia,Yes,Yes,Yes,Yes,Yes,Yes,Yes,Yes,Yes,6.3,11.83,13.35,17.01,18.15,21.46,6.3,11.83,13.35,17.01,18.15,21.46,Not applicable,Not applicable,No,No,No,No,No,Yes,Yes,No,No,Yes,Yes,Yes,Yes,Yes,Yes,Yes,2
Georgia,No,No,No,No,No,No,Yes,Yes,Yes,2.61,2.63,2.6,3.09,3.77,3.14,2.61,2.63,2.6,3.09,3.77,3.14,No,No,No,No,No,No,Yes,Yes,Yes,Yes,Yes,Yes,Yes,Yes,Yes,Yes,Yes,Yes,0
Germany,Yes,Yes,Yes,Yes,Yes,Yes,Yes,Yes,Yes,1.54,1.51,1.58,1.58,1.71,1.66,1.54,1.51,1.58,1.58,1.71,1.66,No,No,No,No,No,Yes,Yes,Yes,Yes,Yes,Yes,Yes,Yes,Yes,Yes,Yes,Yes,Yes,1
Ghana,No,No,No,Yes,Yes,Yes,Yes,Yes,Yes,5.07,4.27,6.44,4.78,3.93,4.9,5.07,4.27,6.44,4.78,3.93,4.9,No,No,No,No,No,No,Yes,Yes,Yes,Yes,Yes,Yes,Yes,Yes,Yes,Yes,Yes,Yes,1
Greece,Yes,Yes,Yes,Yes,Yes,Yes,Yes,Yes,Yes,2.18,2.47,2.47,2.75,2.98,2.33,2.18,2.47,2.47,2.75,2.98,2.33,No,No,No,No,No,Yes,Yes,Yes,Yes,Yes,Yes,Yes,Yes,Yes,Yes,Yes,Yes,Yes,1
Grenada,No,No,No,No,No,No,No,No,No,6.469908508691674,3.32,3.31,3.15,6.469908508691674,2.83,6.469908508691674,3.32,3.31,3.15,6.469908508691674,2.83,Not applicable,Not applicable,Not applicable,Not applicable,Not applicable,Not applicable,Not applicable,Not applicable,Not applicable,No,No,No,No,No,No,No,No,No,4
Guatemala,No,No,No,No,No,No,No,No,No,5.47,6.41,6.28,6.26,6.15,5.84,5.47,6.41,6.28,6.26,6.15,5.84,No,No,No,No,No,No,No,No,No,Yes,Yes,Yes,Yes,Yes,Yes,Yes,Yes,Yes,0
Guinea,No,No,No,Yes,Yes,Yes,Yes,Yes,Yes,6.66,6.469908508691674,5.75,6.469908508691674,5.15,6.469908508691674,6.66,6.469908508691674,5.75,6.469908508691674,5.15,6.469908508691674,No,No,No,No,No,No,No,No,No,Yes,Yes,Yes,Yes,Yes,Yes,Yes,Yes,Yes,0
Guinea-Bissau,No,No,No,No,No,No,No,No,No,8.54,8.53,11.28,10.07,6.469908508691674,7.54,8.54,8.53,11.28,10.07,6.469908508691674,7.54,Not applicable,Not applicable,Not applicable,Not applicable,Not applicable,Not applicable,Not applicable,Not applicable,Not applicable,No,No,No,No,No,No,No,No,No,4
Guyana,No,No,No,No,No,No,Yes,Yes,Yes,2.74,2.69,2.92,2.99,2.62,1.18,2.74,2.69,2.92,2.99,2.62,1.18,No,No,No,No,No,No,Yes,Yes,Yes,Yes,Yes,Yes,Yes,Yes,Yes,Yes,Yes,Yes,0
Haiti,No,No,No,No,No,No,No,No,No,6.469908508691674,6.469908508691674,11.02,6.469908508691674,6.469908508691674,11.05,6.469908508691674,6.469908508691674,11.02,6.469908508691674,6.469908508691674,11.05,Not applicable,Not applicable,Not applicable,Not applicable,Not applicable,Not applicable,Not applicable,Not applicable,Not applicable,No,No,No,No,No,No,No,No,No,4
Honduras,No,No,No,No,No,No,No,No,No,7.97,7.78,8.23,8.35,9.34,9.38,7.97,7.78,8.23,8.35,9.34,9.38,No,No,Yes,Yes,Yes,Yes,Yes,Yes,Yes,Yes,Yes,Yes,Yes,Yes,Yes,Yes,Yes,Yes,0
Hungary,Yes,Yes,Yes,Yes,Yes,Yes,Yes,Yes,Yes,2.6,3.02,3.13,2.81,3.01,3.15,2.6,3.02,3.13,2.81,3.01,3.15,No,No,No,Yes,Yes,Yes,Yes,Yes,Yes,Yes,Yes,Yes,Yes,Yes,Yes,Yes,Yes,Yes,1
Iceland,Yes,Yes,Yes,Yes,Yes,Yes,Yes,Yes,Yes,1.73,1.9,1.68,1.66,1.8,1.56,1.73,1.9,1.68,1.66,1.8,1.56,No,No,No,Yes,Yes,Yes,Yes,Yes,Yes,Yes,Yes,Yes,Yes,Yes,Yes,Yes,Yes,Yes,1
India,Yes,Yes,Yes,Yes,Yes,Yes,Yes,Yes,Yes,12.47,14.34,13.6,13.6,13.24,9.78,12.47,14.34,13.6,13.6,13.24,9.78,Yes,Yes,Yes,Yes,Yes,Yes,Yes,Yes,Yes,Yes,Yes,Yes,Yes,Yes,Yes,Yes,Yes,Yes,2
Indonesia,No,No,No,No,No,No,No,No,No,4.75,4.37,4.52,5.25,5.36,4.98,4.75,4.37,4.52,5.25,5.36,4.98,No,No,No,No,Yes,Yes,Yes,Yes,Yes,Yes,Yes,Yes,Yes,Yes,Yes,Yes,Yes,Yes,0
Iran (Islamic Republic of),Yes,Yes,Yes,Yes,Yes,Yes,Yes,Yes,Yes,1.16,0.95,1.0,1.71,3.71,2.15,1.16,0.95,1.0,1.71,3.71,2.15,No,Yes,Yes,Yes,Yes,Yes,Yes,Yes,Yes,Yes,Yes,Yes,Yes,Yes,Yes,Yes,Yes,Yes,1
Iraq,No,No,No,No,No,No,No,Yes,Yes,0.64,0.64,0.91,0.72,0.99,0.77,0.64,0.64,0.91,0.72,0.99,0.77,No,No,No,Yes,Yes,Yes,Yes,Yes,Yes,Yes,Yes,Yes,Yes,Yes,Yes,Yes,Yes,Yes,1
Ireland,No,No,No,No,No,No,No,No,No,2.39,2.3,1.91,1.82,1.81,1.63,2.39,2.3,1.91,1.82,1.81,1.63,No,No,No,Yes,Yes,Yes,Yes,Yes,Yes,Yes,Yes,Yes,Yes,Yes,Yes,Yes,Yes,Yes,1
Israel,No,No,No,No,No,No,No,Yes,Yes,1.8,2.19,2.46,2.36,2.2,1.97,1.8,2.19,2.46,2.36,2.2,1.97,No,No,No,No,No,No,No,No,No,Yes,Yes,Yes,Yes,Yes,Yes,Yes,Yes,Yes,0
Italy,Yes,Yes,Yes,Yes,Yes,Yes,Yes,Yes,Yes,1.85,1.85,1.84,1.86,2.12,1.88,1.85,1.85,1.84,1.86,2.12,1.88,No,No,No,No,No,Yes,Yes,Yes,Yes,Yes,Yes,Yes,Yes,Yes,Yes,Yes,Yes,Yes,1
Jamaica,No,No,No,No,No,No,No,No,No,13.61,14.09,15.31,16.48,16.86,14.67,13.61,14.09,15.31,16.48,16.86,14.67,No,No,No,No,Yes,Yes,Yes,Yes,Yes,Yes,Yes,Yes,Yes,Yes,Yes,Yes,Yes,Yes,2
Japan,No,No,No,No,No,No,No,No,No,1.04,1.05,1.03,1.0,1.19,1.36,1.04,1.05,1.03,1.0,1.19,1.36,No,No,No,No,No,No,No,No,No,Yes,Yes,Yes,Yes,Yes,Yes,Yes,Yes,Yes,0
Jordan,No,Yes,Yes,Yes,Yes,Yes,Yes,Yes,Yes,3.96,4.09,4.39,6.54,7.4,6.8,3.96,4.09,4.39,6.54,7.4,6.8,Yes,Yes,Yes,Yes,Yes,Yes,Yes,Yes,Yes,Yes,Yes,Yes,Yes,Yes,Yes,Yes,Yes,Yes,1
Kazakhstan,Yes,Yes,Yes,Yes,Yes,Yes,Yes,Yes,Yes,0.71,0.92,1.11,1.07,1.18,1.17,0.71,0.92,1.11,1.07,1.18,1.17,No,No,No,Yes,Yes,Yes,Yes,Yes,Yes,Yes,Yes,Yes,Yes,Yes,Yes,Yes,Yes,Yes,1
Kenya,Yes,Yes,Yes,Yes,Yes,Yes,Yes,Yes,Yes,7.63,7.06,7.58,6.47,11.36,15.19,7.63,7.06,7.58,6.47,11.36,15.19,No,No,No,No,Yes,Yes,Yes,Yes,Yes,Yes,Yes,Yes,Yes,Yes,Yes,Yes,Yes,Yes,1
Kiribati,No,No,No,No,Yes,Yes,Yes,Yes,Yes,27.88,26.61,28.12,26.46,27.26,21.18,27.88,26.61,28.12,26.46,27.26,21.18,Not applicable,Not applicable,Not applicable,Not applicable,No,No,No,No,No,No,No,No,No,Yes,Yes,Yes,Yes,Yes,2
Kuwait,Yes,Yes,Yes,Yes,Yes,Yes,Yes,Yes,Yes,0.51,0.65,0.98,0.94,1.22,0.73,0.51,0.65,0.98,0.94,1.22,0.73,No,No,No,Yes,Yes,Yes,Yes,Yes,Yes,Yes,Yes,Yes,Yes,Yes,Yes,Yes,Yes,Yes,1
Kyrgyzstan,No,No,Yes,Yes,Yes,Yes,Yes,Yes,Yes,4.29,5.05,6.95,7.25,8.99,8.85,4.29,5.05,6.95,7.25,8.99,8.85,No,Yes,Yes,Yes,Yes,Yes,Yes,Yes,Yes,Yes,Yes,Yes,Yes,Yes,Yes,Yes,Yes,Yes,1
Lao People's Democratic Republic,No,No,Yes,Yes,Yes,Yes,Yes,Yes,Yes,4.74,4.97,3.71,3.24,3.04,2.46,4.74,4.97,3.71,3.24,3.04,2.46,No,No,No,No,No,Yes,Yes,Yes,Yes,Yes,Yes,Yes,Yes,Yes,Yes,Yes,Yes,Yes,1
Latvia,No,Yes,Yes,Yes,Yes,Yes,Yes,Yes,Yes,2.39,2.54,2.33,2.32,2.4,1.97,2.39,2.54,2.33,2.32,2.4,1.97,No,Yes,Yes,Yes,Yes,Yes,Yes,Yes,Yes,Yes,Yes,Yes,Yes,Yes,Yes,Yes,Yes,Yes,1
Lebanon,No,No,No,Yes,Yes,Yes,Yes,Yes,Yes,2.29,2.81,2.83,0.83,1.78,3.75,2.29,2.81,2.83,0.83,1.78,3.75,No,No,No,No,No,No,No,No,No,Yes,Yes,Yes,Yes,Yes,Yes,Yes,Yes,Yes,0
Lesotho,No,No,No,No,No,No,No,No,No,29.82,25.29,6.469908508691674,25.9,28.35,26.15,29.82,25.29,6.469908508691674,25.9,28.35,26.15,Not applicable,Not applicable,Not applicable,Not applicable,Not applicable,Not applicable,Not applicable,Not applicable,Not applicable,No,No,No,No,No,No,No,No,No,2
Liberia,No,No,No,No,No,No,No,No,No,13.67,10.09,8.95,12.3,24.35,24.8,13.67,10.09,8.95,12.3,24.35,24.8,Not applicable,Not applicable,Not applicable,Not applicable,Not applicable,Not applicable,Not applicable,Not applicable,Not applicable,No,No,No,No,No,No,No,No,No,2
Libya,No,No,Yes,Yes,Yes,Yes,Yes,Yes,Yes,0.81,2.57,1.84,1.56,3.57,1.39,0.81,2.57,1.84,1.56,3.57,1.39,Not applicable,Not applicable,No,No,No,No,No,No,No,No,No,Yes,Yes,Yes,Yes,Yes,Yes,Yes,0
Lithuania,Yes,Yes,Yes,Yes,Yes,Yes,Yes,Yes,Yes,2.2,2.18,2.29,2.31,2.34,1.94,2.2,2.18,2.29,2.31,2.34,1.94,No,No,No,No,No,Yes,Yes,Yes,Yes,Yes,Yes,Yes,Yes,Yes,Yes,Yes,Yes,Yes,1
Luxembourg,Yes,Yes,Yes,Yes,Yes,Yes,Yes,Yes,Yes,0.52,0.53,0.53,0.53,0.53,0.46,0.52,0.53,0.53,0.53,0.53,0.46,No,No,No,No,No,No,Yes,Yes,Yes,Yes,Yes,Yes,Yes,Yes,Yes,Yes,Yes,Yes,1
Madagascar,Yes,Yes,Yes,Yes,Yes,Yes,Yes,Yes,Yes,16.92,22.63,25.73,22.38,22.11,21.43,16.92,22.63,25.73,22.38,22.11,21.43,No,No,Yes,Yes,Yes,Yes,Yes,Yes,Yes,Yes,Yes,Yes,Yes,Yes,Yes,Yes,Yes,Yes,2
Malawi,No,No,No,No,No,No,No,No,No,39.33,38.92,6.469908508691674,6.469908508691674,12.55,17.81,39.33,38.92,6.469908508691674,6.469908508691674,12.55,17.81,Not applicable,Not applicable,Not applicable,Not applicable,Not applicable,Not applicable,Not applicable,Not applicable,Not applicable,No,No,No,No,No,No,No,No,No,2
Malaysia,Yes,Yes,Yes,Yes,Yes,Yes,Yes,Yes,Yes,3.0,3.28,4.3,3.8,4.0,3.41,3.0,3.28,4.3,3.8,4.0,3.41,No,Yes,Yes,Yes,Yes,Yes,Yes,Yes,Yes,Yes,Yes,Yes,Yes,Yes,Yes,Yes,Yes,Yes,1
Maldives,No,No,Yes,Yes,Yes,Yes,Yes,Yes,Yes,2.76,2.29,2.47,3.05,6.57,4.3,2.76,2.29,2.47,3.05,6.57,4.3,No,No,No,No,No,No,No,Yes,Yes,Yes,Yes,Yes,Yes,Yes,Yes,Yes,Yes,Yes,1
Mali,No,No,Yes,Yes,Yes,Yes,Yes,Yes,Yes,17.61,16.71,17.29,16.1,16.11,15.05,17.61,16.71,17.29,16.1,16.11,15.05,No,No,No,No,No,No,No,No,No,Yes,Yes,Yes,Yes,Yes,Yes,Yes,Yes,Yes,2
Malta,Yes,Yes,Yes,Yes,Yes,Yes,Yes,Yes,Yes,2.38,2.36,2.26,2.02,2.16,1.77,2.38,2.36,2.26,2.02,2.16,1.77,No,No,Yes,Yes,Yes,Yes,Yes,Yes,Yes,Yes,Yes,Yes,Yes,Yes,Yes,Yes,Yes,Yes,1
Marshall Islands,No,No,No,No,No,No,No,No,No,10.34,6.32,6.72,6.16,5.64,5.15,10.34,6.32,6.72,6.16,5.64,5.15,No,No,No,No,No,No,No,No,No,Yes,Yes,Yes,Yes,Yes,Yes,Yes,Yes,Yes,0
Mauritania,No,No,No,No,No,No,Yes,Yes,Yes,6.92,9.07,5.05,5.96,5.31,4.73,6.92,9.07,5.05,5.96,5.31,4.73,Not applicable,Not applicable,Not applicable,Not applicable,Not applicable,Not applicable,No,Yes,Yes,No,No,No,No,No,No,Yes,Yes,Yes,4
Mauritius,No,Yes,Yes,Yes,Yes,Yes,Yes,Yes,Yes,3.76,4.02,3.78,3.81,4.42,4.61,3.76,4.02,3.78,3.81,4.42,4.61,No,Yes,Yes,Yes,Yes,Yes,Yes,Yes,Yes,Yes,Yes,Yes,Yes,Yes,Yes,Yes,Yes,Yes,1
Mexico,No,No,No,No,No,No,No,No,Yes,2.96,3.09,2.89,2.66,3.6,3.18,2.96,3.09,2.89,2.66,3.6,3.18,No,Yes,Yes,Yes,Yes,Yes,Yes,Yes,Yes,Yes,Yes,Yes,Yes,Yes,Yes,Yes,Yes,Yes,1
Micronesia (Federated States of),No,No,No,No,No,No,No,No,No,6.31,6.88,7.82,9.08,9.53,9.82,6.31,6.88,7.82,9.08,9.53,9.82,Not applicable,Not applicable,Not applicable,Not applicable,Not applicable,Not applicable,Not applicable,Not applicable,Not applicable,No,No,No,No,No,No,No,No,No,4
Monaco,No,No,No,No,No,No,No,No,No,6.469908508691674,6.469908508691674,6.469908508691674,6.469908508691674,0.63,0.53,6.469908508691674,6.469908508691674,6.469908508691674,6.469908508691674,0.63,0.53,Not applicable,Not applicable,Not applicable,Not applicable,Not applicable,Not applicable,Not applicable,Not applicable,Not applicable,No,No,No,No,No,No,No,No,No,4
Mongolia,Yes,Yes,Yes,Yes,Yes,Yes,Yes,Yes,Yes,1.37,2.16,2.22,1.99,2.06,1.79,1.37,2.16,2.22,1.99,2.06,1.79,No,Yes,Yes,Yes,Yes,Yes,Yes,Yes,Yes,Yes,Yes,Yes,Yes,Yes,Yes,Yes,Yes,Yes,1
Montenegro,No,No,No,Yes,Yes,Yes,Yes,Yes,Yes,1.95,2.34,2.68,3.34,3.56,2.9,1.95,2.34,2.68,3.34,3.56,2.9,No,No,No,No,Yes,Yes,Yes,Yes,Yes,Yes,Yes,Yes,Yes,Yes,Yes,Yes,Yes,Yes,1
Morocco,No,No,No,No,No,No,No,No,No,6.29,6.58,6.46,6.04,6.55,6.67,6.29,6.58,6.46,6.04,6.55,6.67,No,No,No,No,No,No,No,No,No,Yes,Yes,Yes,Yes,Yes,Yes,Yes,Yes,Yes,0
Mozambique,No,No,No,No,No,No,No,No,No,13.4,14.2,12.94,16.43,19.02,25.84,13.4,14.2,12.94,16.43,19.02,25.84,No,No,No,No,No,No,No,No,No,Yes,Yes,Yes,Yes,Yes,Yes,Yes,Yes,Yes,2
Myanmar,Yes,Yes,Yes,Yes,Yes,Yes,Yes,Yes,Yes,6.57,5.35,5.91,4.52,5.78,6.88,6.57,5.35,5.91,4.52,5.78,6.88,No,No,No,No,No,Yes,Yes,Yes,Yes,Yes,Yes,Yes,Yes,Yes,Yes,Yes,Yes,Yes,1
Namibia,No,No,Yes,Yes,Yes,Yes,Yes,Yes,Yes,5.95,6.64,6.48,6.67,8.63,6.46,5.95,6.64,6.48,6.67,8.63,6.46,Not applicable,Not applicable,No,No,Yes,Yes,Yes,Yes,Yes,No,No,Yes,Yes,Yes,Yes,Yes,Yes,Yes,1
Nauru,No,No,Yes,Yes,Yes,Yes,Yes,Yes,Yes,6.469908508691674,6.469908508691674,10.44,10.73,13.63,13.09,6.469908508691674,6.469908508691674,10.44,10.73,13.63,13.09,Not applicable,Not applicable,No,No,No,No,No,No,No,No,No,Yes,Yes,Yes,Yes,Yes,Yes,Yes,0
Nepal,No,No,Yes,Yes,Yes,Yes,Yes,Yes,Yes,14.58,15.91,18.82,17.56,20.98,22.3,14.58,15.91,18.82,17.56,20.98,22.3,Not applicable,Not applicable,Yes,Yes,Yes,Yes,Yes,Yes,Yes,No,No,Yes,Yes,Yes,Yes,Yes,Yes,Yes,2
Netherlands (Kingdom of the),Yes,Yes,Yes,Yes,Yes,Yes,Yes,Yes,Yes,1.46,1.58,1.59,1.55,1.75,1.54,1.46,1.58,1.59,1.55,1.75,1.54,No,No,No,No,No,Yes,Yes,Yes,Yes,Yes,Yes,Yes,Yes,Yes,Yes,Yes,Yes,Yes,1
New Zealand,Yes,Yes,Yes,Yes,Yes,Yes,Yes,Yes,Yes,2.96,3.19,3.82,3.87,4.7,4.31,2.96,3.19,3.82,3.87,4.7,4.31,Yes,Yes,Yes,Yes,Yes,Yes,Yes,Yes,Yes,Yes,Yes,Yes,Yes,Yes,Yes,Yes,Yes,Yes,1
Nicaragua,No,No,No,No,No,No,No,No,No,6.88,7.87,8.35,7.26,17.17,12.91,6.88,7.87,8.35,7.26,17.17,12.91,No,No,No,No,No,No,No,No,No,Yes,Yes,Yes,Yes,Yes,Yes,Yes,Yes,Yes,0
Niger,Yes,Yes,Yes,Yes,Yes,Yes,Yes,Yes,Yes,14.82,17.99,16.94,15.73,15.31,14.36,14.82,17.99,16.94,15.73,15.31,14.36,No,No,No,No,No,No,No,Yes,Yes,Yes,Yes,Yes,Yes,Yes,Yes,Yes,Yes,Yes,2
Nigeria,No,No,No,No,No,Yes,Yes,Yes,Yes,4.61,4.31,3.99,3.34,5.35,5.65,4.61,4.31,3.99,3.34,5.35,5.65,No,No,No,No,No,No,No,Yes,Yes,Yes,Yes,Yes,Yes,Yes,Yes,Yes,Yes,Yes,0
Niue,No,No,No,No,No,No,Yes,Yes,Yes,6.469908508691674,6.469908508691674,6.469908508691674,6.469908508691674,6.469908508691674,6.469908508691674,6.469908508691674,6.469908508691674,6.469908508691674,6.469908508691674,6.469908508691674,6.469908508691674,Not applicable,Not applicable,Not applicable,Not applicable,Not applicable,Not applicable,No,No,No,No,No,No,No,No,No,Yes,Yes,Yes,4
North Macedonia,Yes,Yes,Yes,Yes,Yes,Yes,Yes,Yes,Yes,2.42,2.35,2.31,2.48,2.99,2.92,2.42,2.35,2.31,2.48,2.99,2.92,No,Yes,Yes,Yes,Yes,Yes,Yes,Yes,Yes,Yes,Yes,Yes,Yes,Yes,Yes,Yes,Yes,Yes,1
Norway,Yes,Yes,Yes,Yes,Yes,Yes,Yes,Yes,Yes,1.49,1.61,1.84,1.76,2.04,1.68,1.49,1.61,1.84,1.76,2.04,1.68,No,No,Yes,Yes,Yes,Yes,Yes,Yes,Yes,Yes,Yes,Yes,Yes,Yes,Yes,Yes,Yes,Yes,1
Oman,No,No,No,No,No,Yes,Yes,Yes,Yes,0.97,1.01,1.53,1.57,3.44,2.65,0.97,1.01,1.53,1.57,3.44,2.65,No,No,No,Yes,Yes,Yes,Yes,Yes,Yes,Yes,Yes,Yes,Yes,Yes,Yes,Yes,Yes,Yes,1
Pakistan,No,No,No,No,No,No,No,No,No,2.71,3.2,4.1,2.57,3.67,3.73,2.71,3.2,4.1,2.57,3.67,3.73,No,No,Yes,Yes,Yes,Yes,Yes,Yes,Yes,Yes,Yes,Yes,Yes,Yes,Yes,Yes,Yes,Yes,1
Palau,No,No,No,Yes,Yes,Yes,Yes,Yes,Yes,2.9,3.78,4.0,4.26,4.72,5.33,2.9,3.78,4.0,4.26,4.72,5.33,Not applicable,Not applicable,Not applicable,Not applicable,Not applicable,Not applicable,Not applicable,Not applicable,Not applicable,No,No,No,No,No,No,No,No,No,4
Panama,No,Yes,Yes,Yes,Yes,Yes,Yes,Yes,Yes,3.49,3.33,2.96,2.88,3.17,3.4,3.49,3.33,2.96,2.88,3.17,3.4,Yes,Yes,Yes,Yes,Yes,Yes,Yes,Yes,Yes,Yes,Yes,Yes,Yes,Yes,Yes,Yes,Yes,Yes,1
Papua New Guinea,No,No,No,No,No,No,Yes,Yes,Yes,25.05,21.72,26.85,19.74,20.57,16.87,25.05,21.72,26.85,19.74,20.57,16.87,No,No,No,No,No,No,No,No,No,Yes,Yes,Yes,Yes,Yes,Yes,Yes,Yes,Yes,2
Paraguay,No,No,No,No,No,Yes,Yes,Yes,Yes,0.66,0.55,0.67,0.61,0.65,0.76,0.66,0.55,0.67,0.61,0.65,0.76,No,No,No,No,No,No,Yes,Yes,Yes,Yes,Yes,Yes,Yes,Yes,Yes,Yes,Yes,Yes,1
Peru,Yes,Yes,Yes,Yes,Yes,Yes,Yes,Yes,Yes,3.08,3.32,5.01,6.9,5.68,4.43,3.08,3.32,5.01,6.9,5.68,4.43,No,Yes,Yes,Yes,Yes,Yes,Yes,Yes,Yes,Yes,Yes,Yes,Yes,Yes,Yes,Yes,Yes,Yes,1
Philippines,Yes,Yes,Yes,Yes,Yes,Yes,Yes,Yes,Yes,1.31,2.01,2.74,3.34,6.06,7.11,1.31,2.01,2.74,3.34,6.06,7.11,No,No,No,No,Yes,Yes,Yes,Yes,Yes,Yes,Yes,Yes,Yes,Yes,Yes,Yes,Yes,Yes,1
Poland,Yes,Yes,Yes,Yes,Yes,Yes,Yes,Yes,Yes,2.72,3.04,3.0,2.77,2.68,2.01,2.72,3.04,3.0,2.77,2.68,2.01,No,No,No,No,No,Yes,Yes,Yes,Yes,Yes,Yes,Yes,Yes,Yes,Yes,Yes,Yes,Yes,1
Portugal,Yes,Yes,Yes,Yes,Yes,Yes,Yes,Yes,Yes,2.62,2.7,2.66,2.51,2.26,1.91,2.62,2.7,2.66,2.51,2.26,1.91,No,No,No,No,No,Yes,Yes,Yes,Yes,Yes,Yes,Yes,Yes,Yes,Yes,Yes,Yes,Yes,1
Qatar,Yes,Yes,Yes,Yes,Yes,Yes,Yes,Yes,Yes,0.24,0.3,0.47,0.41,1.12,0.73,0.24,0.3,0.47,0.41,1.12,0.73,No,No,No,Yes,Yes,Yes,Yes,Yes,Yes,Yes,Yes,Yes,Yes,Yes,Yes,Yes,Yes,Yes,1
Republic of Korea,Yes,Yes,Yes,Yes,Yes,Yes,Yes,Yes,Yes,0.87,0.81,1.32,1.22,1.2,1.05,0.87,0.81,1.32,1.22,1.2,1.05,No,No,No,No,No,Yes,Yes,Yes,Yes,Yes,Yes,Yes,Yes,Yes,Yes,Yes,Yes,Yes,1
Republic of Moldova,No,No,No,No,No,Yes,Yes,Yes,Yes,3.54,3.22,3.51,4.04,4.35,3.65,3.54,3.22,3.51,4.04,4.35,3.65,No,No,No,No,No,Yes,Yes,Yes,Yes,Yes,Yes,Yes,Yes,Yes,Yes,Yes,Yes,Yes,1
Romania,Yes,Yes,Yes,Yes,Yes,Yes,Yes,Yes,Yes,4.58,4.32,4.14,3.59,3.74,3.21,4.58,4.32,4.14,3.59,3.74,3.21,Yes,Yes,Yes,Yes,Yes,Yes,Yes,Yes,Yes,Yes,Yes,Yes,Yes,Yes,Yes,Yes,Yes,Yes,1
Russian Federation,No,No,No,No,Yes,Yes,Yes,Yes,Yes,0.93,1.24,1.8,1.77,2.15,1.69,0.93,1.24,1.8,1.77,2.15,1.69,No,No,No,Yes,Yes,Yes,Yes,Yes,Yes,Yes,Yes,Yes,Yes,Yes,Yes,Yes,Yes,Yes,1
Rwanda,No,No,No,No,No,No,No,No,No,13.4,12.72,10.93,9.47,13.18,10.46,13.4,12.72,10.93,9.47,13.18,10.46,Not applicable,Not applicable,Not applicable,Not applicable,No,No,No,No,No,No,No,No,No,Yes,Yes,Yes,Yes,Yes,0
Saint Kitts and Nevis,No,No,No,No,No,No,No,No,No,1.83,1.67,1.61,1.54,6.469908508691674,1.84,1.83,1.67,1.61,1.54,6.469908508691674,1.84,Not applicable,Not applicable,Not applicable,Not applicable,Not applicable,Not applicable,Not applicable,Not applicable,Not applicable,No,No,No,No,No,No,No,No,No,4
Saint Lucia,No,No,No,No,No,No,No,No,No,3.43,2.65,2.88,2.88,3.96,3.87,3.43,2.65,2.88,2.88,3.96,3.87,Not applicable,Not applicable,Not applicable,Not applicable,Not applicable,Not applicable,Yes,Yes,Yes,No,No,No,No,No,No,Yes,Yes,Yes,4
Saint Vincent and the Grenadines,No,No,No,No,No,No,No,No,No,3.05,3.16,3.01,4.63,3.76,3.47,3.05,3.16,3.01,4.63,3.76,3.47,Not applicable,Not applicable,Not applicable,Not applicable,Not applicable,Not applicable,Not applicable,Not applicable,Not applicable,No,No,No,No,No,No,No,No,No,4
Samoa,No,Yes,Yes,Yes,Yes,Yes,Yes,Yes,Yes,9.14,9.87,10.14,11.66,12.02,13.95,9.14,9.87,10.14,11.66,12.02,13.95,Not applicable,No,No,No,Yes,Yes,Yes,Yes,Yes,No,Yes,Yes,Yes,Yes,Yes,Yes,Yes,Yes,1
San Marino,No,No,No,No,No,No,No,No,No,1.12,1.17,1.17,6.469908508691674,6.469908508691674,1.22,1.12,1.17,1.17,6.469908508691674,6.469908508691674,1.22,Not applicable,Not applicable,Not applicable,Not applicable,Not applicable,Not applicable,Not applicable,Not applicable,Not applicable,No,No,No,No,No,No,No,No,No,4
Sao Tome and Principe,No,No,No,No,No,No,No,No,No,7.6,5.93,5.2,6.06,6.38,6.9,7.6,5.93,5.2,6.06,6.38,6.9,Not applicable,Not applicable,Not applicable,Not applicable,No,No,No,No,No,No,No,No,No,Yes,Yes,Yes,Yes,Yes,0
Saudi Arabia,No,No,No,No,No,Yes,Yes,Yes,Yes,0.95,1.07,1.58,3.0,3.72,2.67,0.95,1.07,1.58,3.0,3.72,2.67,No,No,No,Yes,Yes,Yes,Yes,Yes,Yes,Yes,Yes,Yes,Yes,Yes,Yes,Yes,Yes,Yes,1
Senegal,No,No,No,No,Yes,Yes,Yes,Yes,Yes,5.95,7.25,6.64,8.64,8.31,8.27,5.95,7.25,6.64,8.64,8.31,8.27,No,No,No,No,No,Yes,Yes,Yes,Yes,Yes,Yes,Yes,Yes,Yes,Yes,Yes,Yes,Yes,0
Serbia,Yes,Yes,Yes,Yes,Yes,Yes,Yes,Yes,Yes,2.08,2.91,3.43,3.44,3.52,3.13,2.08,2.91,3.43,3.44,3.52,3.13,No,No,No,No,No,No,No,No,No,Yes,Yes,Yes,Yes,Yes,Yes,Yes,Yes,Yes,1
Seychelles,No,No,Yes,Yes,Yes,Yes,Yes,Yes,Yes,4.56,3.87,4.96,4.91,5.69,4.52,4.56,3.87,4.96,4.91,5.69,4.52,Not applicable,Not applicable,No,Yes,Yes,Yes,Yes,Yes,Yes,No,No,Yes,Yes,Yes,Yes,Yes,Yes,Yes,1
Sierra Leone,No,No,No,No,No,No,No,No,No,9.76,10.82,10.56,11.81,11.98,6.469908508691674,9.76,10.82,10.56,11.81,11.98,6.469908508691674,Not applicable,Not applicable,Not applicable,Not applicable,Not applicable,Not applicable,Not applicable,Not applicable,Not applicable,No,No,No,No,No,No,No,No,No,4
Singapore,Yes,Yes,Yes,Yes,Yes,Yes,Yes,Yes,Yes,1.71,1.78,1.65,1.56,1.68,1.31,1.71,1.78,1.65,1.56,1.68,1.31,Yes,Yes,Yes,Yes,Yes,Yes,Yes,Yes,Yes,Yes,Yes,Yes,Yes,Yes,Yes,Yes,Yes,Yes,1
Slovakia,Yes,Yes,Yes,Yes,Yes,Yes,Yes,Yes,Yes,2.02,2.02,2.08,2.01,2.07,2.21,2.02,2.02,2.08,2.01,2.07,2.21,No,No,No,No,No,Yes,Yes,Yes,Yes,Yes,Yes,Yes,Yes,Yes,Yes,Yes,Yes,Yes,1
Slovenia,Yes,Yes,Yes,Yes,Yes,Yes,Yes,Yes,Yes,1.64,1.89,1.79,1.67,1.69,1.54,1.64,1.89,1.79,1.67,1.69,1.54,No,No,No,No,No,No,Yes,Yes,Yes,Yes,Yes,Yes,Yes,Yes,Yes,Yes,Yes,Yes,1
Solomon Islands,No,No,Yes,Yes,Yes,Yes,Yes,Yes,Yes,15.31,17.93,18.08,16.26,6.469908508691674,17.65,15.31,17.93,18.08,16.26,6.469908508691674,17.65,Not applicable,Not applicable,No,No,Yes,Yes,Yes,Yes,Yes,No,No,Yes,Yes,Yes,Yes,Yes,Yes,Yes,2
Somalia,No,No,No,No,No,No,No,No,No,6.469908508691674,6.469908508691674,13.44,13.18,11.19,6.469908508691674,6.469908508691674,6.469908508691674,13.44,13.18,11.19,6.469908508691674,Not applicable,Not applicable,Not applicable,Not applicable,Not applicable,Not applicable,Not applicable,Not applicable,Not applicable,No,No,No,No,No,No,No,No,No,4
South Africa,No,No,Yes,Yes,Yes,Yes,Yes,Yes,Yes,4.13,4.19,4.2,4.04,4.7,3.88,4.13,4.19,4.2,4.04,4.7,3.88,No,No,No,No,No,No,No,No,No,Yes,Yes,Yes,Yes,Yes,Yes,Yes,Yes,Yes,0
South Sudan,No,No,No,No,No,No,No,No,No,6.469908508691674,6.469908508691674,111.61,6.469908508691674,49.51,44.33,6.469908508691674,6.469908508691674,111.61,6.469908508691674,49.51,44.33,No,No,No,Not applicable,Not applicable,Not applicable,Not applicable,Not applicable,Not applicable,No,No,No,No,No,No,No,No,No,2
Spain,Yes,Yes,Yes,Yes,Yes,Yes,Yes,Yes,Yes,2.04,2.16,2.02,1.94,2.11,1.94,2.04,2.16,2.02,1.94,2.11,1.94,No,No,Yes,Yes,Yes,Yes,Yes,Yes,Yes,Yes,Yes,Yes,Yes,Yes,Yes,Yes,Yes,Yes,1
Sri Lanka,Yes,Yes,Yes,Yes,Yes,Yes,Yes,Yes,Yes,11.36,11.57,16.55,15.53,17.99,15.03,11.36,11.57,16.55,15.53,17.99,15.03,No,No,No,Yes,Yes,Yes,Yes,Yes,Yes,Yes,Yes,Yes,Yes,Yes,Yes,Yes,Yes,Yes,2
Sudan,Yes,Yes,Yes,Yes,Yes,Yes,Yes,Yes,Yes,12.42,11.85,10.65,9.25,5.15,10.11,12.42,11.85,10.65,9.25,5.15,10.11,No,No,No,No,No,No,No,No,No,Yes,Yes,Yes,Yes,Yes,Yes,Yes,Yes,Yes,0
Suriname,No,No,No,No,Yes,Yes,Yes,Yes,Yes,2.62,2.72,4.74,4.95,7.07,6.18,2.62,2.72,4.74,4.95,7.07,6.18,Not applicable,Not applicable,Not applicable,Not applicable,Yes,Yes,Yes,Yes,Yes,No,No,No,No,Yes,Yes,Yes,Yes,Yes,1
Sweden,No,Yes,Yes,Yes,Yes,Yes,Yes,Yes,Yes,1.35,1.44,1.43,1.38,1.4,1.26,1.35,1.44,1.43,1.38,1.4,1.26,No,No,No,No,No,Yes,Yes,Yes,Yes,Yes,Yes,Yes,Yes,Yes,Yes,Yes,Yes,Yes,1
Switzerland,No,No,No,No,No,No,No,No,No,0.98,1.03,1.04,1.03,1.09,1.03,0.98,1.03,1.04,1.03,1.09,1.03,Yes,Yes,Yes,Yes,Yes,Yes,Yes,Yes,Yes,Yes,Yes,Yes,Yes,Yes,Yes,Yes,Yes,Yes,1
Syrian Arab Republic,Yes,Yes,Yes,Yes,Yes,Yes,Yes,Yes,Yes,4.48,6.469908508691674,4.02,2.62,6.01,6.469908508691674,4.48,6.469908508691674,4.02,2.62,6.01,6.469908508691674,Not applicable,Not applicable,No,No,No,No,No,No,No,No,No,Yes,Yes,Yes,Yes,Yes,Yes,Yes,0
Tajikistan,No,No,No,No,No,No,No,No,No,6.63,9.17,8.77,10.25,10.16,9.25,6.63,9.17,8.77,10.25,10.16,9.25,Not applicable,Not applicable,No,No,No,No,Yes,Yes,Yes,No,No,Yes,Yes,Yes,Yes,Yes,Yes,Yes,0
Thailand,Yes,Yes,Yes,Yes,Yes,Yes,Yes,Yes,Yes,3.18,3.36,4.07,2.54,2.68,2.67,3.18,3.36,4.07,2.54,2.68,2.67,Yes,Yes,Yes,Yes,Yes,Yes,Yes,Yes,Yes,Yes,Yes,Yes,Yes,Yes,Yes,Yes,Yes,Yes,1
Timor-Leste,No,No,No,No,No,No,No,No,No,12.21,10.14,11.08,16.01,13.86,12.55,12.21,10.14,11.08,16.01,13.86,12.55,No,No,No,No,No,No,Yes,Yes,Yes,Yes,Yes,Yes,Yes,Yes,Yes,Yes,Yes,Yes,0
Togo,No,No,No,Yes,Yes,Yes,Yes,Yes,Yes,10.16,9.37,10.51,11.98,13.3,10.26,10.16,9.37,10.51,11.98,13.3,10.26,Not applicable,Not applicable,No,No,No,No,No,No,No,No,No,Yes,Yes,Yes,Yes,Yes,Yes,Yes,0
Tonga,No,No,No,No,No,No,No,No,No,10.36,10.9,12.95,18.73,20.58,20.22,10.36,10.9,12.95,18.73,20.58,20.22,No,No,No,No,No,No,No,No,No,Yes,Yes,Yes,Yes,Yes,Yes,Yes,Yes,Yes,2
Trinidad and Tobago,No,No,No,No,No,No,No,No,No,1.58,1.77,2.4,2.59,2.91,2.28,1.58,1.77,2.4,2.59,2.91,2.28,No,No,No,No,Yes,Yes,Yes,Yes,Yes,Yes,Yes,Yes,Yes,Yes,Yes,Yes,Yes,Yes,0
Tunisia,No,No,No,No,No,No,No,No,No,3.31,3.33,3.05,2.94,3.48,3.45,3.31,3.33,3.05,2.94,3.48,3.45,No,No,No,No,No,No,No,No,Yes,Yes,Yes,Yes,Yes,Yes,Yes,Yes,Yes,Yes,0
Turkmenistan,No,No,No,No,Yes,Yes,Yes,Yes,Yes,3.34,4.02,7.35,8.46,9.77,13.17,3.34,4.02,7.35,8.46,9.77,13.17,No,No,No,No,Yes,Yes,Yes,Yes,Yes,Yes,Yes,Yes,Yes,Yes,Yes,Yes,Yes,Yes,1
Tuvalu,No,Yes,Yes,Yes,Yes,Yes,Yes,Yes,Yes,17.22,6.3,6.85,9.96,8.11,15.45,17.22,6.3,6.85,9.96,8.11,15.45,Not applicable,No,No,No,No,No,No,No,No,No,Yes,Yes,Yes,Yes,Yes,Yes,Yes,Yes,0
TÃ¼rkiye,No,Yes,Yes,Yes,Yes,Yes,Yes,Yes,Yes,3.11,3.02,3.04,2.95,3.06,1.89,3.11,3.02,3.04,2.95,3.06,1.89,No,No,Yes,Yes,Yes,Yes,Yes,Yes,Yes,Yes,Yes,Yes,Yes,Yes,Yes,Yes,Yes,Yes,1
Uganda,No,No,No,No,No,Yes,Yes,Yes,Yes,10.5,9.54,10.49,10.7,11.65,12.76,10.5,9.54,10.49,10.7,11.65,12.76,No,No,No,No,No,No,No,Yes,Yes,Yes,Yes,Yes,Yes,Yes,Yes,Yes,Yes,Yes,0
Ukraine,No,No,No,No,No,No,No,No,Yes,2.42,2.43,2.61,3.43,4.02,5.38,2.42,2.43,2.61,3.43,4.02,5.38,No,No,Yes,Yes,Yes,Yes,Yes,Yes,Yes,Yes,Yes,Yes,Yes,Yes,Yes,Yes,Yes,Yes,1
United Arab Emirates,No,No,No,No,Yes,Yes,Yes,Yes,Yes,0.5,0.59,0.77,1.21,1.58,1.25,0.5,0.59,0.77,1.21,1.58,1.25,No,No,Yes,Yes,Yes,Yes,Yes,Yes,Yes,Yes,Yes,Yes,Yes,Yes,Yes,Yes,Yes,Yes,1
United Kingdom of Great Britain and Northern Ireland,Yes,Yes,Yes,Yes,Yes,Yes,Yes,Yes,Yes,2.44,2.59,2.7,2.54,2.9,2.76,2.44,2.59,2.7,2.54,2.9,2.76,Yes,Yes,Yes,Yes,Yes,Yes,Yes,Yes,Yes,Yes,Yes,Yes,Yes,Yes,Yes,Yes,Yes,Yes,1
United Republic of Tanzania,Yes,Yes,Yes,Yes,Yes,Yes,Yes,Yes,Yes,18.33,20.55,14.26,14.83,15.62,13.88,18.33,20.55,14.26,14.83,15.62,13.88,No,No,No,No,No,No,No,No,No,Yes,Yes,Yes,Yes,Yes,Yes,Yes,Yes,Yes,2
United States of America,No,No,No,No,No,No,No,No,No,1.17,1.13,1.11,1.09,1.16,1.1,1.17,1.13,1.11,1.09,1.16,1.1,No,No,No,No,No,No,No,No,No,Yes,Yes,Yes,Yes,Yes,Yes,Yes,Yes,Yes,0
Uruguay,No,Yes,Yes,Yes,Yes,Yes,Yes,Yes,Yes,2.27,1.86,2.22,2.48,2.59,2.26,2.27,1.86,2.22,2.48,2.59,2.26,Yes,Yes,Yes,Yes,Yes,Yes,Yes,Yes,Yes,Yes,Yes,Yes,Yes,Yes,Yes,Yes,Yes,Yes,1
Uzbekistan,No,No,No,No,No,No,No,No,No,3.94,3.59,3.71,4.61,4.79,4.69,3.94,3.59,3.71,4.61,4.79,4.69,No,No,No,No,No,No,No,Yes,Yes,Yes,Yes,Yes,Yes,Yes,Yes,Yes,Yes,Yes,0
Vanuatu,No,Yes,Yes,Yes,Yes,Yes,Yes,Yes,Yes,25.35,25.22,23.16,20.8,21.43,24.56,25.35,25.22,23.16,20.8,21.43,24.56,No,No,No,No,Yes,Yes,Yes,Yes,Yes,Yes,Yes,Yes,Yes,Yes,Yes,Yes,Yes,Yes,2
Venezuela (Bolivarian Republic of),No,No,No,No,No,No,No,Yes,Yes,5.41,8.96,6.469908508691674,6.469908508691674,6.469908508691674,3.6,5.41,8.96,6.469908508691674,6.469908508691674,6.469908508691674,3.6,Yes,Yes,Yes,Yes,Yes,Yes,Yes,Yes,Yes,Yes,Yes,Yes,Yes,Yes,Yes,Yes,Yes,Yes,1
Viet Nam,Yes,Yes,Yes,Yes,Yes,Yes,Yes,Yes,Yes,3.27,3.44,3.29,2.71,2.63,2.44,3.27,3.44,3.29,2.71,2.63,2.44,No,No,No,Yes,Yes,Yes,Yes,Yes,Yes,Yes,Yes,Yes,Yes,Yes,Yes,Yes,Yes,Yes,1
Yemen,Yes,Yes,Yes,Yes,Yes,Yes,Yes,Yes,Yes,8.21,7.91,10.86,13.74,12.96,15.71,8.21,7.91,10.86,13.74,12.96,15.71,No,No,No,Yes,Yes,Yes,Yes,Yes,Yes,Yes,Yes,Yes,Yes,Yes,Yes,Yes,Yes,Yes,1
Zambia,No,No,No,No,No,No,No,No,No,9.01,8.47,13.15,11.3,11.37,8.63,9.01,8.47,13.15,11.3,11.37,8.63,No,No,No,No,No,No,No,No,No,Yes,Yes,Yes,Yes,Yes,Yes,Yes,Yes,Yes,0
Zimbabwe,No,No,No,No,No,No,No,No,No,7.63,9.19,12.11,6.94,12.13,5.83,7.63,9.19,12.11,6.94,12.13,5.83,No,No,No,No,No,No,No,No,No,Yes,Yes,Yes,Yes,Yes,Yes,Yes,Yes,Yes,0
"occupied Palestinian territory, including east Jerusalem",No,No,No,Yes,Yes,Yes,Yes,Yes,Yes,15.22,18.34,16.24,17.2,19.76,18.59,15.22,18.34,16.24,17.2,19.76,18.59,No,No,No,No,No,No,No,No,No,Yes,Yes,Yes,Yes,Yes,Yes,Yes,Yes,Yes,2
